[
  {
      "payload": {
         "rows": 	[{
            "status": "MANUAL_DELIVERY",
            "email": "Terry.Toy@gmail.com",
            "name": "Quentin Conn",
            "filename": "Quentin Conn.pdf"
          }, {
            "status": "NO_CERTIFICATE",
            "email": "Griffin34@hotmail.com",
            "name": "",
            "filename": ""
          }, {
            "status": "NO_CERTIFICATE",
            "email": "Camden16@hotmail.com",
            "name": "",
            "filename": ""
          }, {
            "status": "DIGITAL_DELIVERY",
            "email": "Alyce.Willms@yahoo.com",
            "name": "Alyce Willms",
            "filename": "Alyce Willms.pdf"
          }, {
            "status": "MANUAL_DELIVERY",
            "email": "Katelin13@gmail.com",
            "name": "Samantha Weissnat",
            "filename": "Samantha Weissnat.pdf"
          }, {
            "status": "DIGITAL_DELIVERY",
            "email": "Luella51@yahoo.com",
            "name": "Royal Thompson",
            "filename": "Royal Thompson.pdf"
          }
        ]
      },
      "files": {
      }
  }
]